ring,pos,pan,tilt,zoom,x_pan,y_tilt
1,E,59.0628,-14.7909,6551,1,1
1,E,64.3109,-14.7909,6551,2,1
1,E,69.559,-14.7909,6551,3,1
1,E,74.8071,-14.7909,6551,4,1
1,E,80.0552,-14.7909,6551,5,1
1,E,85.3033,-14.7909,6551,6,1
1,E,90.5514,-14.7909,6551,7,1
1,E,95.7995,-14.7909,6551,8,1
1,E,101.0476,-14.7909,6551,9,1
1,E,106.2957,-14.7909,6551,10,1
1,E,59.0628,-16.304,6551,1,2
1,E,64.3109,-16.304,6551,2,2
1,E,69.559,-16.304,6551,3,2
1,E,74.8071,-16.304,6551,4,2
1,E,80.0552,-16.304,6551,5,2
1,E,85.3033,-16.304,6551,6,2
1,E,90.5514,-16.304,6551,7,2
1,E,95.7995,-16.304,6551,8,2
1,E,101.0476,-16.304,6551,9,2
1,E,106.2957,-16.304,6551,10,2
1,E,59.0628,-17.8171,6551,1,3
1,E,64.3109,-17.8171,6551,2,3
1,E,69.559,-17.8171,6551,3,3
1,E,74.8071,-17.8171,6551,4,3
1,E,80.0552,-17.8171,6551,5,3
1,E,85.3033,-17.8171,6551,6,3
1,E,90.5514,-17.8171,6551,7,3
1,E,95.7995,-17.8171,6551,8,3
1,E,101.0476,-17.8171,6551,9,3
1,E,106.2957,-17.8171,6551,10,3
1,E,59.0628,-19.3302,6551,1,4
1,E,64.3109,-19.3302,6551,2,4
1,E,69.559,-19.3302,6551,3,4
1,E,74.8071,-19.3302,6551,4,4
1,E,80.0552,-19.3302,6551,5,4
1,E,85.3033,-19.3302,6551,6,4
1,E,90.5514,-19.3302,6551,7,4
1,E,95.7995,-19.3302,6551,8,4
1,E,101.0476,-19.3302,6551,9,4
1,E,106.2957,-19.3302,6551,10,4
1,E,59.0628,-20.8433,6551,1,5
1,E,64.3109,-20.8433,6551,2,5
1,E,69.559,-20.8433,6551,3,5
1,E,74.8071,-20.8433,6551,4,5
1,E,80.0552,-20.8433,6551,5,5
1,E,85.3033,-20.8433,6551,6,5
1,E,90.5514,-20.8433,6551,7,5
1,E,95.7995,-20.8433,6551,8,5
1,E,101.0476,-20.8433,6551,9,5
1,E,106.2957,-20.8433,6551,10,5
1,E,59.0628,-22.3564,6551,1,6
1,E,64.3109,-22.3564,6551,2,6
1,E,69.559,-22.3564,6551,3,6
1,E,74.8071,-22.3564,6551,4,6
1,E,80.0552,-22.3564,6551,5,6
1,E,85.3033,-22.3564,6551,6,6
1,E,90.5514,-22.3564,6551,7,6
1,E,95.7995,-22.3564,6551,8,6
1,E,101.0476,-22.3564,6551,9,6
1,E,106.2957,-22.3564,6551,10,6
1,E,59.0628,-23.8695,6551,1,7
1,E,64.3109,-23.8695,6551,2,7
1,E,69.559,-23.8695,6551,3,7
1,E,74.8071,-23.8695,6551,4,7
1,E,80.0552,-23.8695,6551,5,7
1,E,85.3033,-23.8695,6551,6,7
1,E,90.5514,-23.8695,6551,7,7
1,E,95.7995,-23.8695,6551,8,7
1,E,101.0476,-23.8695,6551,9,7
1,E,106.2957,-23.8695,6551,10,7
1,E,59.0628,-25.3826,6551,1,8
1,E,64.3109,-25.3826,6551,2,8
1,E,69.559,-25.3826,6551,3,8
1,E,74.8071,-25.3826,6551,4,8
1,E,80.0552,-25.3826,6551,5,8
1,E,85.3033,-25.3826,6551,6,8
1,E,90.5514,-25.3826,6551,7,8
1,E,95.7995,-25.3826,6551,8,8
1,E,101.0476,-25.3826,6551,9,8
1,E,106.2957,-25.3826,6551,10,8
1,E,59.0628,-26.8957,6551,1,9
1,E,64.3109,-26.8957,6551,2,9
1,E,69.559,-26.8957,6551,3,9
1,E,74.8071,-26.8957,6551,4,9
1,E,80.0552,-26.8957,6551,5,9
1,E,85.3033,-26.8957,6551,6,9
1,E,90.5514,-26.8957,6551,7,9
1,E,95.7995,-26.8957,6551,8,9
1,E,101.0476,-26.8957,6551,9,9
1,E,106.2957,-26.8957,6551,10,9
1,E,59.0628,-28.4088,6551,1,10
1,E,64.3109,-28.4088,6551,2,10
1,E,69.559,-28.4088,6551,3,10
1,E,74.8071,-28.4088,6551,4,10
1,E,80.0552,-28.4088,6551,5,10
1,E,85.3033,-28.4088,6551,6,10
1,E,90.5514,-28.4088,6551,7,10
1,E,95.7995,-28.4088,6551,8,10
1,E,101.0476,-28.4088,6551,9,10
1,E,106.2957,-28.4088,6551,10,10
1,E,59.0628,-29.9219,6551,1,11
1,E,64.3109,-29.9219,6551,2,11
1,E,69.559,-29.9219,6551,3,11
1,E,74.8071,-29.9219,6551,4,11
1,E,80.0552,-29.9219,6551,5,11
1,E,85.3033,-29.9219,6551,6,11
1,E,90.5514,-29.9219,6551,7,11
1,E,95.7995,-29.9219,6551,8,11
1,E,101.0476,-29.9219,6551,9,11
1,E,106.2957,-29.9219,6551,10,11
1,E,59.0628,-31.435,6551,1,12
1,E,64.3109,-31.435,6551,2,12
1,E,69.559,-31.435,6551,3,12
1,E,74.8071,-31.435,6551,4,12
1,E,80.0552,-31.435,6551,5,12
1,E,85.3033,-31.435,6551,6,12
1,E,90.5514,-31.435,6551,7,12
1,E,95.7995,-31.435,6551,8,12
1,E,101.0476,-31.435,6551,9,12
1,E,106.2957,-31.435,6551,10,12
1,E,59.0628,-32.9481,6551,1,13
1,E,64.3109,-32.9481,6551,2,13
1,E,69.559,-32.9481,6551,3,13
1,E,74.8071,-32.9481,6551,4,13
1,E,80.0552,-32.9481,6551,5,13
1,E,85.3033,-32.9481,6551,6,13
1,E,90.5514,-32.9481,6551,7,13
1,E,95.7995,-32.9481,6551,8,13
1,E,101.0476,-32.9481,6551,9,13
1,E,106.2957,-32.9481,6551,10,13
1,E,59.0628,-34.4612,6551,1,14
1,E,64.3109,-34.4612,6551,2,14
1,E,69.559,-34.4612,6551,3,14
1,E,74.8071,-34.4612,6551,4,14
1,E,80.0552,-34.4612,6551,5,14
1,E,85.3033,-34.4612,6551,6,14
1,E,90.5514,-34.4612,6551,7,14
1,E,95.7995,-34.4612,6551,8,14
1,E,101.0476,-34.4612,6551,9,14
1,E,106.2957,-34.4612,6551,10,14
1,E,59.0628,-35.9743,6551,1,15
1,E,64.3109,-35.9743,6551,2,15
1,E,69.559,-35.9743,6551,3,15
1,E,74.8071,-35.9743,6551,4,15
1,E,80.0552,-35.9743,6551,5,15
1,E,85.3033,-35.9743,6551,6,15
1,E,90.5514,-35.9743,6551,7,15
1,E,95.7995,-35.9743,6551,8,15
1,E,101.0476,-35.9743,6551,9,15
1,E,106.2957,-35.9743,6551,10,15
1,E,59.0628,-37.4874,6551,1,16
1,E,64.3109,-37.4874,6551,2,16
1,E,69.559,-37.4874,6551,3,16
1,E,74.8071,-37.4874,6551,4,16
1,E,80.0552,-37.4874,6551,5,16
1,E,85.3033,-37.4874,6551,6,16
1,E,90.5514,-37.4874,6551,7,16
1,E,95.7995,-37.4874,6551,8,16
1,E,101.0476,-37.4874,6551,9,16
1,E,106.2957,-37.4874,6551,10,16
1,E,59.0628,-39.0005,6551,1,17
1,E,64.3109,-39.0005,6551,2,17
1,E,69.559,-39.0005,6551,3,17
1,E,74.8071,-39.0005,6551,4,17
1,E,80.0552,-39.0005,6551,5,17
1,E,85.3033,-39.0005,6551,6,17
1,E,90.5514,-39.0005,6551,7,17
1,E,95.7995,-39.0005,6551,8,17
1,E,101.0476,-39.0005,6551,9,17
1,E,106.2957,-39.0005,6551,10,17
1,E,59.0628,-40.5136,6551,1,18
1,E,64.3109,-40.5136,6551,2,18
1,E,69.559,-40.5136,6551,3,18
1,E,74.8071,-40.5136,6551,4,18
1,E,80.0552,-40.5136,6551,5,18
1,E,85.3033,-40.5136,6551,6,18
1,E,90.5514,-40.5136,6551,7,18
1,E,95.7995,-40.5136,6551,8,18
1,E,101.0476,-40.5136,6551,9,18
1,E,106.2957,-40.5136,6551,10,18
1,E,59.0628,-42.0267,6551,1,19
1,E,64.3109,-42.0267,6551,2,19
1,E,69.559,-42.0267,6551,3,19
1,E,74.8071,-42.0267,6551,4,19
1,E,80.0552,-42.0267,6551,5,19
1,E,85.3033,-42.0267,6551,6,19
1,E,90.5514,-42.0267,6551,7,19
1,E,95.7995,-42.0267,6551,8,19
1,E,101.0476,-42.0267,6551,9,19
1,E,106.2957,-42.0267,6551,10,19
1,E,59.0628,-43.5398,6551,1,20
1,E,64.3109,-43.5398,6551,2,20
1,E,69.559,-43.5398,6551,3,20
1,E,74.8071,-43.5398,6551,4,20
1,E,80.0552,-43.5398,6551,5,20
1,E,85.3033,-43.5398,6551,6,20
1,E,90.5514,-43.5398,6551,7,20
1,E,95.7995,-43.5398,6551,8,20
1,E,101.0476,-43.5398,6551,9,20
1,E,106.2957,-43.5398,6551,10,20
1,E,59.0628,-45.0529,6551,1,21
1,E,64.3109,-45.0529,6551,2,21
1,E,69.559,-45.0529,6551,3,21
1,E,74.8071,-45.0529,6551,4,21
1,E,80.0552,-45.0529,6551,5,21
1,E,85.3033,-45.0529,6551,6,21
1,E,90.5514,-45.0529,6551,7,21
1,E,95.7995,-45.0529,6551,8,21
1,E,101.0476,-45.0529,6551,9,21
1,E,106.2957,-45.0529,6551,10,21
1,E,59.0628,-46.566,6551,1,22
1,E,64.3109,-46.566,6551,2,22
1,E,69.559,-46.566,6551,3,22
1,E,74.8071,-46.566,6551,4,22
1,E,80.0552,-46.566,6551,5,22
1,E,85.3033,-46.566,6551,6,22
1,E,90.5514,-46.566,6551,7,22
1,E,95.7995,-46.566,6551,8,22
1,E,101.0476,-46.566,6551,9,22
1,E,106.2957,-46.566,6551,10,22
1,E,59.0628,-48.0791,6551,1,23
1,E,64.3109,-48.0791,6551,2,23
1,E,69.559,-48.0791,6551,3,23
1,E,74.8071,-48.0791,6551,4,23
1,E,80.0552,-48.0791,6551,5,23
1,E,85.3033,-48.0791,6551,6,23
1,E,90.5514,-48.0791,6551,7,23
1,E,95.7995,-48.0791,6551,8,23
1,E,101.0476,-48.0791,6551,9,23
1,E,106.2957,-48.0791,6551,10,23
1,E,59.0628,-49.5922,6551,1,24
1,E,64.3109,-49.5922,6551,2,24
1,E,69.559,-49.5922,6551,3,24
1,E,74.8071,-49.5922,6551,4,24
1,E,80.0552,-49.5922,6551,5,24
1,E,85.3033,-49.5922,6551,6,24
1,E,90.5514,-49.5922,6551,7,24
1,E,95.7995,-49.5922,6551,8,24
1,E,101.0476,-49.5922,6551,9,24
1,E,106.2957,-49.5922,6551,10,24
1,E,59.0628,-51.1053,6551,1,25
1,E,64.3109,-51.1053,6551,2,25
1,E,69.559,-51.1053,6551,3,25
1,E,74.8071,-51.1053,6551,4,25
1,E,80.0552,-51.1053,6551,5,25
1,E,85.3033,-51.1053,6551,6,25
1,E,90.5514,-51.1053,6551,7,25
1,E,95.7995,-51.1053,6551,8,25
1,E,101.0476,-51.1053,6551,9,25
1,E,106.2957,-51.1053,6551,10,25
1,E,59.0628,-52.6184,6551,1,26
1,E,64.3109,-52.6184,6551,2,26
1,E,69.559,-52.6184,6551,3,26
1,E,74.8071,-52.6184,6551,4,26
1,E,80.0552,-52.6184,6551,5,26
1,E,85.3033,-52.6184,6551,6,26
1,E,90.5514,-52.6184,6551,7,26
1,E,95.7995,-52.6184,6551,8,26
1,E,101.0476,-52.6184,6551,9,26
1,E,106.2957,-52.6184,6551,10,26
1,E,59.0628,-54.1315,6551,1,27
1,E,64.3109,-54.1315,6551,2,27
1,E,69.559,-54.1315,6551,3,27
1,E,74.8071,-54.1315,6551,4,27
1,E,80.0552,-54.1315,6551,5,27
1,E,85.3033,-54.1315,6551,6,27
1,E,90.5514,-54.1315,6551,7,27
1,E,95.7995,-54.1315,6551,8,27
1,E,101.0476,-54.1315,6551,9,27
1,E,106.2957,-54.1315,6551,10,27
1,E,59.0628,-55.6446,6551,1,28
1,E,64.3109,-55.6446,6551,2,28
1,E,69.559,-55.6446,6551,3,28
1,E,74.8071,-55.6446,6551,4,28
1,E,80.0552,-55.6446,6551,5,28
1,E,85.3033,-55.6446,6551,6,28
1,E,90.5514,-55.6446,6551,7,28
1,E,95.7995,-55.6446,6551,8,28
1,E,101.0476,-55.6446,6551,9,28
1,E,106.2957,-55.6446,6551,10,28
1,E,59.0628,-57.1577,6551,1,29
1,E,64.3109,-57.1577,6551,2,29
1,E,69.559,-57.1577,6551,3,29
1,E,74.8071,-57.1577,6551,4,29
1,E,80.0552,-57.1577,6551,5,29
1,E,85.3033,-57.1577,6551,6,29
1,E,90.5514,-57.1577,6551,7,29
1,E,95.7995,-57.1577,6551,8,29
1,E,101.0476,-57.1577,6551,9,29
1,E,106.2957,-57.1577,6551,10,29
1,E,59.0628,-58.6708,6551,1,30
1,E,64.3109,-58.6708,6551,2,30
1,E,69.559,-58.6708,6551,3,30
1,E,74.8071,-58.6708,6551,4,30
1,E,80.0552,-58.6708,6551,5,30
1,E,85.3033,-58.6708,6551,6,30
1,E,90.5514,-58.6708,6551,7,30
1,E,95.7995,-58.6708,6551,8,30
1,E,101.0476,-58.6708,6551,9,30
1,E,106.2957,-58.6708,6551,10,30
1,E,59.0628,-60.1839,6551,1,31
1,E,64.3109,-60.1839,6551,2,31
1,E,69.559,-60.1839,6551,3,31
1,E,74.8071,-60.1839,6551,4,31
1,E,80.0552,-60.1839,6551,5,31
1,E,85.3033,-60.1839,6551,6,31
1,E,90.5514,-60.1839,6551,7,31
1,E,95.7995,-60.1839,6551,8,31
1,E,101.0476,-60.1839,6551,9,31
1,E,106.2957,-60.1839,6551,10,31
1,W,124.4564,-9.4359,6551,1,1
1,W,127.1452,-9.4359,6551,2,1
1,W,129.834,-9.4359,6551,3,1
1,W,132.5228,-9.4359,6551,4,1
1,W,135.2116,-9.4359,6551,5,1
1,W,137.9004,-9.4359,6551,6,1
1,W,140.5892,-9.4359,6551,7,1
1,W,143.278,-9.4359,6551,8,1
1,W,145.9668,-9.4359,6551,9,1
1,W,148.6556,-9.4359,6551,10,1
1,W,151.3444,-9.4359,6551,11,1
1,W,154.0332,-9.4359,6551,12,1
1,W,156.722,-9.4359,6551,13,1
1,W,159.4108,-9.4359,6551,14,1
1,W,162.0996,-9.4359,6551,15,1
1,W,164.7884,-9.4359,6551,16,1
1,W,167.4772,-9.4359,6551,17,1
1,W,170.166,-9.4359,6551,18,1
1,W,172.8548,-9.4359,6551,19,1
1,W,175.5436,-9.4359,6551,20,1
1,W,124.4564,-10.8309,6551,1,2
1,W,127.1452,-10.8309,6551,2,2
1,W,129.834,-10.8309,6551,3,2
1,W,132.5228,-10.8309,6551,4,2
1,W,135.2116,-10.8309,6551,5,2
1,W,137.9004,-10.8309,6551,6,2
1,W,140.5892,-10.8309,6551,7,2
1,W,143.278,-10.8309,6551,8,2
1,W,145.9668,-10.8309,6551,9,2
1,W,148.6556,-10.8309,6551,10,2
1,W,151.3444,-10.8309,6551,11,2
1,W,154.0332,-10.8309,6551,12,2
1,W,156.722,-10.8309,6551,13,2
1,W,159.4108,-10.8309,6551,14,2
1,W,162.0996,-10.8309,6551,15,2
1,W,164.7884,-10.8309,6551,16,2
1,W,167.4772,-10.8309,6551,17,2
1,W,170.166,-10.8309,6551,18,2
1,W,172.8548,-10.8309,6551,19,2
1,W,175.5436,-10.8309,6551,20,2
1,W,124.4564,-12.2259,6551,1,3
1,W,127.1452,-12.2259,6551,2,3
1,W,129.834,-12.2259,6551,3,3
1,W,132.5228,-12.2259,6551,4,3
1,W,135.2116,-12.2259,6551,5,3
1,W,137.9004,-12.2259,6551,6,3
1,W,140.5892,-12.2259,6551,7,3
1,W,143.278,-12.2259,6551,8,3
1,W,145.9668,-12.2259,6551,9,3
1,W,148.6556,-12.2259,6551,10,3
1,W,151.3444,-12.2259,6551,11,3
1,W,154.0332,-12.2259,6551,12,3
1,W,156.722,-12.2259,6551,13,3
1,W,159.4108,-12.2259,6551,14,3
1,W,162.0996,-12.2259,6551,15,3
1,W,164.7884,-12.2259,6551,16,3
1,W,167.4772,-12.2259,6551,17,3
1,W,170.166,-12.2259,6551,18,3
1,W,172.8548,-12.2259,6551,19,3
1,W,175.5436,-12.2259,6551,20,3
1,W,124.4564,-13.6209,6551,1,4
1,W,127.1452,-13.6209,6551,2,4
1,W,129.834,-13.6209,6551,3,4
1,W,132.5228,-13.6209,6551,4,4
1,W,135.2116,-13.6209,6551,5,4
1,W,137.9004,-13.6209,6551,6,4
1,W,140.5892,-13.6209,6551,7,4
1,W,143.278,-13.6209,6551,8,4
1,W,145.9668,-13.6209,6551,9,4
1,W,148.6556,-13.6209,6551,10,4
1,W,151.3444,-13.6209,6551,11,4
1,W,154.0332,-13.6209,6551,12,4
1,W,156.722,-13.6209,6551,13,4
1,W,159.4108,-13.6209,6551,14,4
1,W,162.0996,-13.6209,6551,15,4
1,W,164.7884,-13.6209,6551,16,4
1,W,167.4772,-13.6209,6551,17,4
1,W,170.166,-13.6209,6551,18,4
1,W,172.8548,-13.6209,6551,19,4
1,W,175.5436,-13.6209,6551,20,4
1,W,124.4564,-15.0159,6551,1,5
1,W,127.1452,-15.0159,6551,2,5
1,W,129.834,-15.0159,6551,3,5
1,W,132.5228,-15.0159,6551,4,5
1,W,135.2116,-15.0159,6551,5,5
1,W,137.9004,-15.0159,6551,6,5
1,W,140.5892,-15.0159,6551,7,5
1,W,143.278,-15.0159,6551,8,5
1,W,145.9668,-15.0159,6551,9,5
1,W,148.6556,-15.0159,6551,10,5
1,W,151.3444,-15.0159,6551,11,5
1,W,154.0332,-15.0159,6551,12,5
1,W,156.722,-15.0159,6551,13,5
1,W,159.4108,-15.0159,6551,14,5
1,W,162.0996,-15.0159,6551,15,5
1,W,164.7884,-15.0159,6551,16,5
1,W,167.4772,-15.0159,6551,17,5
1,W,170.166,-15.0159,6551,18,5
1,W,172.8548,-15.0159,6551,19,5
1,W,175.5436,-15.0159,6551,20,5
1,W,124.4564,-16.4109,6551,1,6
1,W,127.1452,-16.4109,6551,2,6
1,W,129.834,-16.4109,6551,3,6
1,W,132.5228,-16.4109,6551,4,6
1,W,135.2116,-16.4109,6551,5,6
1,W,137.9004,-16.4109,6551,6,6
1,W,140.5892,-16.4109,6551,7,6
1,W,143.278,-16.4109,6551,8,6
1,W,145.9668,-16.4109,6551,9,6
1,W,148.6556,-16.4109,6551,10,6
1,W,151.3444,-16.4109,6551,11,6
1,W,154.0332,-16.4109,6551,12,6
1,W,156.722,-16.4109,6551,13,6
1,W,159.4108,-16.4109,6551,14,6
1,W,162.0996,-16.4109,6551,15,6
1,W,164.7884,-16.4109,6551,16,6
1,W,167.4772,-16.4109,6551,17,6
1,W,170.166,-16.4109,6551,18,6
1,W,172.8548,-16.4109,6551,19,6
1,W,175.5436,-16.4109,6551,20,6
1,W,124.4564,-17.8059,6551,1,7
1,W,127.1452,-17.8059,6551,2,7
1,W,129.834,-17.8059,6551,3,7
1,W,132.5228,-17.8059,6551,4,7
1,W,135.2116,-17.8059,6551,5,7
1,W,137.9004,-17.8059,6551,6,7
1,W,140.5892,-17.8059,6551,7,7
1,W,143.278,-17.8059,6551,8,7
1,W,145.9668,-17.8059,6551,9,7
1,W,148.6556,-17.8059,6551,10,7
1,W,151.3444,-17.8059,6551,11,7
1,W,154.0332,-17.8059,6551,12,7
1,W,156.722,-17.8059,6551,13,7
1,W,159.4108,-17.8059,6551,14,7
1,W,162.0996,-17.8059,6551,15,7
1,W,164.7884,-17.8059,6551,16,7
1,W,167.4772,-17.8059,6551,17,7
1,W,170.166,-17.8059,6551,18,7
1,W,172.8548,-17.8059,6551,19,7
1,W,175.5436,-17.8059,6551,20,7
1,W,124.4564,-19.2009,6551,1,8
1,W,127.1452,-19.2009,6551,2,8
1,W,129.834,-19.2009,6551,3,8
1,W,132.5228,-19.2009,6551,4,8
1,W,135.2116,-19.2009,6551,5,8
1,W,137.9004,-19.2009,6551,6,8
1,W,140.5892,-19.2009,6551,7,8
1,W,143.278,-19.2009,6551,8,8
1,W,145.9668,-19.2009,6551,9,8
1,W,148.6556,-19.2009,6551,10,8
1,W,151.3444,-19.2009,6551,11,8
1,W,154.0332,-19.2009,6551,12,8
1,W,156.722,-19.2009,6551,13,8
1,W,159.4108,-19.2009,6551,14,8
1,W,162.0996,-19.2009,6551,15,8
1,W,164.7884,-19.2009,6551,16,8
1,W,167.4772,-19.2009,6551,17,8
1,W,170.166,-19.2009,6551,18,8
1,W,172.8548,-19.2009,6551,19,8
1,W,175.5436,-19.2009,6551,20,8
1,W,124.4564,-20.5959,6551,1,9
1,W,127.1452,-20.5959,6551,2,9
1,W,129.834,-20.5959,6551,3,9
1,W,132.5228,-20.5959,6551,4,9
1,W,135.2116,-20.5959,6551,5,9
1,W,137.9004,-20.5959,6551,6,9
1,W,140.5892,-20.5959,6551,7,9
1,W,143.278,-20.5959,6551,8,9
1,W,145.9668,-20.5959,6551,9,9
1,W,148.6556,-20.5959,6551,10,9
1,W,151.3444,-20.5959,6551,11,9
1,W,154.0332,-20.5959,6551,12,9
1,W,156.722,-20.5959,6551,13,9
1,W,159.4108,-20.5959,6551,14,9
1,W,162.0996,-20.5959,6551,15,9
1,W,164.7884,-20.5959,6551,16,9
1,W,167.4772,-20.5959,6551,17,9
1,W,170.166,-20.5959,6551,18,9
1,W,172.8548,-20.5959,6551,19,9
1,W,175.5436,-20.5959,6551,20,9
1,W,124.4564,-21.9909,6551,1,10
1,W,127.1452,-21.9909,6551,2,10
1,W,129.834,-21.9909,6551,3,10
1,W,132.5228,-21.9909,6551,4,10
1,W,135.2116,-21.9909,6551,5,10
1,W,137.9004,-21.9909,6551,6,10
1,W,140.5892,-21.9909,6551,7,10
1,W,143.278,-21.9909,6551,8,10
1,W,145.9668,-21.9909,6551,9,10
1,W,148.6556,-21.9909,6551,10,10
1,W,151.3444,-21.9909,6551,11,10
1,W,154.0332,-21.9909,6551,12,10
1,W,156.722,-21.9909,6551,13,10
1,W,159.4108,-21.9909,6551,14,10
1,W,162.0996,-21.9909,6551,15,10
1,W,164.7884,-21.9909,6551,16,10
1,W,167.4772,-21.9909,6551,17,10
1,W,170.166,-21.9909,6551,18,10
1,W,172.8548,-21.9909,6551,19,10
1,W,175.5436,-21.9909,6551,20,10
1,W,124.4564,-23.3859,6551,1,11
1,W,127.1452,-23.3859,6551,2,11
1,W,129.834,-23.3859,6551,3,11
1,W,132.5228,-23.3859,6551,4,11
1,W,135.2116,-23.3859,6551,5,11
1,W,137.9004,-23.3859,6551,6,11
1,W,140.5892,-23.3859,6551,7,11
1,W,143.278,-23.3859,6551,8,11
1,W,145.9668,-23.3859,6551,9,11
1,W,148.6556,-23.3859,6551,10,11
1,W,151.3444,-23.3859,6551,11,11
1,W,154.0332,-23.3859,6551,12,11
1,W,156.722,-23.3859,6551,13,11
1,W,159.4108,-23.3859,6551,14,11
1,W,162.0996,-23.3859,6551,15,11
1,W,164.7884,-23.3859,6551,16,11
1,W,167.4772,-23.3859,6551,17,11
1,W,170.166,-23.3859,6551,18,11
1,W,172.8548,-23.3859,6551,19,11
1,W,175.5436,-23.3859,6551,20,11
1,W,124.4564,-24.7809,6551,1,12
1,W,127.1452,-24.7809,6551,2,12
1,W,129.834,-24.7809,6551,3,12
1,W,132.5228,-24.7809,6551,4,12
1,W,135.2116,-24.7809,6551,5,12
1,W,137.9004,-24.7809,6551,6,12
1,W,140.5892,-24.7809,6551,7,12
1,W,143.278,-24.7809,6551,8,12
1,W,145.9668,-24.7809,6551,9,12
1,W,148.6556,-24.7809,6551,10,12
1,W,151.3444,-24.7809,6551,11,12
1,W,154.0332,-24.7809,6551,12,12
1,W,156.722,-24.7809,6551,13,12
1,W,159.4108,-24.7809,6551,14,12
1,W,162.0996,-24.7809,6551,15,12
1,W,164.7884,-24.7809,6551,16,12
1,W,167.4772,-24.7809,6551,17,12
1,W,170.166,-24.7809,6551,18,12
1,W,172.8548,-24.7809,6551,19,12
1,W,175.5436,-24.7809,6551,20,12
1,W,124.4564,-26.1759,6551,1,13
1,W,127.1452,-26.1759,6551,2,13
1,W,129.834,-26.1759,6551,3,13
1,W,132.5228,-26.1759,6551,4,13
1,W,135.2116,-26.1759,6551,5,13
1,W,137.9004,-26.1759,6551,6,13
1,W,140.5892,-26.1759,6551,7,13
1,W,143.278,-26.1759,6551,8,13
1,W,145.9668,-26.1759,6551,9,13
1,W,148.6556,-26.1759,6551,10,13
1,W,151.3444,-26.1759,6551,11,13
1,W,154.0332,-26.1759,6551,12,13
1,W,156.722,-26.1759,6551,13,13
1,W,159.4108,-26.1759,6551,14,13
1,W,162.0996,-26.1759,6551,15,13
1,W,164.7884,-26.1759,6551,16,13
1,W,167.4772,-26.1759,6551,17,13
1,W,170.166,-26.1759,6551,18,13
1,W,172.8548,-26.1759,6551,19,13
1,W,175.5436,-26.1759,6551,20,13
1,W,124.4564,-27.5709,6551,1,14
1,W,127.1452,-27.5709,6551,2,14
1,W,129.834,-27.5709,6551,3,14
1,W,132.5228,-27.5709,6551,4,14
1,W,135.2116,-27.5709,6551,5,14
1,W,137.9004,-27.5709,6551,6,14
1,W,140.5892,-27.5709,6551,7,14
1,W,143.278,-27.5709,6551,8,14
1,W,145.9668,-27.5709,6551,9,14
1,W,148.6556,-27.5709,6551,10,14
1,W,151.3444,-27.5709,6551,11,14
1,W,154.0332,-27.5709,6551,12,14
1,W,156.722,-27.5709,6551,13,14
1,W,159.4108,-27.5709,6551,14,14
1,W,162.0996,-27.5709,6551,15,14
1,W,164.7884,-27.5709,6551,16,14
1,W,167.4772,-27.5709,6551,17,14
1,W,170.166,-27.5709,6551,18,14
1,W,172.8548,-27.5709,6551,19,14
1,W,175.5436,-27.5709,6551,20,14
1,W,124.4564,-28.9659,6551,1,15
1,W,127.1452,-28.9659,6551,2,15
1,W,129.834,-28.9659,6551,3,15
1,W,132.5228,-28.9659,6551,4,15
1,W,135.2116,-28.9659,6551,5,15
1,W,137.9004,-28.9659,6551,6,15
1,W,140.5892,-28.9659,6551,7,15
1,W,143.278,-28.9659,6551,8,15
1,W,145.9668,-28.9659,6551,9,15
1,W,148.6556,-28.9659,6551,10,15
1,W,151.3444,-28.9659,6551,11,15
1,W,154.0332,-28.9659,6551,12,15
1,W,156.722,-28.9659,6551,13,15
1,W,159.4108,-28.9659,6551,14,15
1,W,162.0996,-28.9659,6551,15,15
1,W,164.7884,-28.9659,6551,16,15
1,W,167.4772,-28.9659,6551,17,15
1,W,170.166,-28.9659,6551,18,15
1,W,172.8548,-28.9659,6551,19,15
1,W,175.5436,-28.9659,6551,20,15
1,W,124.4564,-30.3609,6551,1,16
1,W,127.1452,-30.3609,6551,2,16
1,W,129.834,-30.3609,6551,3,16
1,W,132.5228,-30.3609,6551,4,16
1,W,135.2116,-30.3609,6551,5,16
1,W,137.9004,-30.3609,6551,6,16
1,W,140.5892,-30.3609,6551,7,16
1,W,143.278,-30.3609,6551,8,16
1,W,145.9668,-30.3609,6551,9,16
1,W,148.6556,-30.3609,6551,10,16
1,W,151.3444,-30.3609,6551,11,16
1,W,154.0332,-30.3609,6551,12,16
1,W,156.722,-30.3609,6551,13,16
1,W,159.4108,-30.3609,6551,14,16
1,W,162.0996,-30.3609,6551,15,16
1,W,164.7884,-30.3609,6551,16,16
1,W,167.4772,-30.3609,6551,17,16
1,W,170.166,-30.3609,6551,18,16
1,W,172.8548,-30.3609,6551,19,16
1,W,175.5436,-30.3609,6551,20,16
1,W,124.4564,-31.7559,6551,1,17
1,W,127.1452,-31.7559,6551,2,17
1,W,129.834,-31.7559,6551,3,17
1,W,132.5228,-31.7559,6551,4,17
1,W,135.2116,-31.7559,6551,5,17
1,W,137.9004,-31.7559,6551,6,17
1,W,140.5892,-31.7559,6551,7,17
1,W,143.278,-31.7559,6551,8,17
1,W,145.9668,-31.7559,6551,9,17
1,W,148.6556,-31.7559,6551,10,17
1,W,151.3444,-31.7559,6551,11,17
1,W,154.0332,-31.7559,6551,12,17
1,W,156.722,-31.7559,6551,13,17
1,W,159.4108,-31.7559,6551,14,17
1,W,162.0996,-31.7559,6551,15,17
1,W,164.7884,-31.7559,6551,16,17
1,W,167.4772,-31.7559,6551,17,17
1,W,170.166,-31.7559,6551,18,17
1,W,172.8548,-31.7559,6551,19,17
1,W,175.5436,-31.7559,6551,20,17
1,W,124.4564,-33.1509,6551,1,18
1,W,127.1452,-33.1509,6551,2,18
1,W,129.834,-33.1509,6551,3,18
1,W,132.5228,-33.1509,6551,4,18
1,W,135.2116,-33.1509,6551,5,18
1,W,137.9004,-33.1509,6551,6,18
1,W,140.5892,-33.1509,6551,7,18
1,W,143.278,-33.1509,6551,8,18
1,W,145.9668,-33.1509,6551,9,18
1,W,148.6556,-33.1509,6551,10,18
1,W,151.3444,-33.1509,6551,11,18
1,W,154.0332,-33.1509,6551,12,18
1,W,156.722,-33.1509,6551,13,18
1,W,159.4108,-33.1509,6551,14,18
1,W,162.0996,-33.1509,6551,15,18
1,W,164.7884,-33.1509,6551,16,18
1,W,167.4772,-33.1509,6551,17,18
1,W,170.166,-33.1509,6551,18,18
1,W,172.8548,-33.1509,6551,19,18
1,W,175.5436,-33.1509,6551,20,18
1,W,124.4564,-34.5459,6551,1,19
1,W,127.1452,-34.5459,6551,2,19
1,W,129.834,-34.5459,6551,3,19
1,W,132.5228,-34.5459,6551,4,19
1,W,135.2116,-34.5459,6551,5,19
1,W,137.9004,-34.5459,6551,6,19
1,W,140.5892,-34.5459,6551,7,19
1,W,143.278,-34.5459,6551,8,19
1,W,145.9668,-34.5459,6551,9,19
1,W,148.6556,-34.5459,6551,10,19
1,W,151.3444,-34.5459,6551,11,19
1,W,154.0332,-34.5459,6551,12,19
1,W,156.722,-34.5459,6551,13,19
1,W,159.4108,-34.5459,6551,14,19
1,W,162.0996,-34.5459,6551,15,19
1,W,164.7884,-34.5459,6551,16,19
1,W,167.4772,-34.5459,6551,17,19
1,W,170.166,-34.5459,6551,18,19
1,W,172.8548,-34.5459,6551,19,19
1,W,175.5436,-34.5459,6551,20,19
1,W,124.4564,-35.9409,6551,1,20
1,W,127.1452,-35.9409,6551,2,20
1,W,129.834,-35.9409,6551,3,20
1,W,132.5228,-35.9409,6551,4,20
1,W,135.2116,-35.9409,6551,5,20
1,W,137.9004,-35.9409,6551,6,20
1,W,140.5892,-35.9409,6551,7,20
1,W,143.278,-35.9409,6551,8,20
1,W,145.9668,-35.9409,6551,9,20
1,W,148.6556,-35.9409,6551,10,20
1,W,151.3444,-35.9409,6551,11,20
1,W,154.0332,-35.9409,6551,12,20
1,W,156.722,-35.9409,6551,13,20
1,W,159.4108,-35.9409,6551,14,20
1,W,162.0996,-35.9409,6551,15,20
1,W,164.7884,-35.9409,6551,16,20
1,W,167.4772,-35.9409,6551,17,20
1,W,170.166,-35.9409,6551,18,20
1,W,172.8548,-35.9409,6551,19,20
1,W,175.5436,-35.9409,6551,20,20
1,W,124.4564,-37.3359,6551,1,21
1,W,127.1452,-37.3359,6551,2,21
1,W,129.834,-37.3359,6551,3,21
1,W,132.5228,-37.3359,6551,4,21
1,W,135.2116,-37.3359,6551,5,21
1,W,137.9004,-37.3359,6551,6,21
1,W,140.5892,-37.3359,6551,7,21
1,W,143.278,-37.3359,6551,8,21
1,W,145.9668,-37.3359,6551,9,21
1,W,148.6556,-37.3359,6551,10,21
1,W,151.3444,-37.3359,6551,11,21
1,W,154.0332,-37.3359,6551,12,21
1,W,156.722,-37.3359,6551,13,21
1,W,159.4108,-37.3359,6551,14,21
1,W,162.0996,-37.3359,6551,15,21
1,W,164.7884,-37.3359,6551,16,21
1,W,167.4772,-37.3359,6551,17,21
1,W,170.166,-37.3359,6551,18,21
1,W,172.8548,-37.3359,6551,19,21
1,W,175.5436,-37.3359,6551,20,21
1,W,124.4564,-38.7309,6551,1,22
1,W,127.1452,-38.7309,6551,2,22
1,W,129.834,-38.7309,6551,3,22
1,W,132.5228,-38.7309,6551,4,22
1,W,135.2116,-38.7309,6551,5,22
1,W,137.9004,-38.7309,6551,6,22
1,W,140.5892,-38.7309,6551,7,22
1,W,143.278,-38.7309,6551,8,22
1,W,145.9668,-38.7309,6551,9,22
1,W,148.6556,-38.7309,6551,10,22
1,W,151.3444,-38.7309,6551,11,22
1,W,154.0332,-38.7309,6551,12,22
1,W,156.722,-38.7309,6551,13,22
1,W,159.4108,-38.7309,6551,14,22
1,W,162.0996,-38.7309,6551,15,22
1,W,164.7884,-38.7309,6551,16,22
1,W,167.4772,-38.7309,6551,17,22
1,W,170.166,-38.7309,6551,18,22
1,W,172.8548,-38.7309,6551,19,22
1,W,175.5436,-38.7309,6551,20,22
1,W,124.4564,-40.1259,6551,1,23
1,W,127.1452,-40.1259,6551,2,23
1,W,129.834,-40.1259,6551,3,23
1,W,132.5228,-40.1259,6551,4,23
1,W,135.2116,-40.1259,6551,5,23
1,W,137.9004,-40.1259,6551,6,23
1,W,140.5892,-40.1259,6551,7,23
1,W,143.278,-40.1259,6551,8,23
1,W,145.9668,-40.1259,6551,9,23
1,W,148.6556,-40.1259,6551,10,23
1,W,151.3444,-40.1259,6551,11,23
1,W,154.0332,-40.1259,6551,12,23
1,W,156.722,-40.1259,6551,13,23
1,W,159.4108,-40.1259,6551,14,23
1,W,162.0996,-40.1259,6551,15,23
1,W,164.7884,-40.1259,6551,16,23
1,W,167.4772,-40.1259,6551,17,23
1,W,170.166,-40.1259,6551,18,23
1,W,172.8548,-40.1259,6551,19,23
1,W,175.5436,-40.1259,6551,20,23
1,W,124.4564,-41.5209,6551,1,24
1,W,127.1452,-41.5209,6551,2,24
1,W,129.834,-41.5209,6551,3,24
1,W,132.5228,-41.5209,6551,4,24
1,W,135.2116,-41.5209,6551,5,24
1,W,137.9004,-41.5209,6551,6,24
1,W,140.5892,-41.5209,6551,7,24
1,W,143.278,-41.5209,6551,8,24
1,W,145.9668,-41.5209,6551,9,24
1,W,148.6556,-41.5209,6551,10,24
1,W,151.3444,-41.5209,6551,11,24
1,W,154.0332,-41.5209,6551,12,24
1,W,156.722,-41.5209,6551,13,24
1,W,159.4108,-41.5209,6551,14,24
1,W,162.0996,-41.5209,6551,15,24
1,W,164.7884,-41.5209,6551,16,24
1,W,167.4772,-41.5209,6551,17,24
1,W,170.166,-41.5209,6551,18,24
1,W,172.8548,-41.5209,6551,19,24
1,W,175.5436,-41.5209,6551,20,24
2,E,74.1085,-13.725,6551,1,1
2,E,76.7917,-13.725,6551,2,1
2,E,79.4749,-13.725,6551,3,1
2,E,82.1581,-13.725,6551,4,1
2,E,84.8413,-13.725,6551,5,1
2,E,87.5245,-13.725,6551,6,1
2,E,90.2077,-13.725,6551,7,1
2,E,92.8909,-13.725,6551,8,1
2,E,95.5741,-13.725,6551,9,1
2,E,98.2573,-13.725,6551,10,1
2,E,100.9405,-13.725,6551,11,1
2,E,103.6237,-13.725,6551,12,1
2,E,106.3069,-13.725,6551,13,1
2,E,108.9901,-13.725,6551,14,1
2,E,111.6733,-13.725,6551,15,1
2,E,114.3565,-13.725,6551,16,1
2,E,117.0397,-13.725,6551,17,1
2,E,119.7229,-13.725,6551,18,1
2,E,122.4061,-13.725,6551,19,1
2,E,125.0893,-13.725,6551,20,1
2,E,127.7725,-13.725,6551,21,1
2,E,74.1085,-15.1144,6551,1,2
2,E,76.7917,-15.1144,6551,2,2
2,E,79.4749,-15.1144,6551,3,2
2,E,82.1581,-15.1144,6551,4,2
2,E,84.8413,-15.1144,6551,5,2
2,E,87.5245,-15.1144,6551,6,2
2,E,90.2077,-15.1144,6551,7,2
2,E,92.8909,-15.1144,6551,8,2
2,E,95.5741,-15.1144,6551,9,2
2,E,98.2573,-15.1144,6551,10,2
2,E,100.9405,-15.1144,6551,11,2
2,E,103.6237,-15.1144,6551,12,2
2,E,106.3069,-15.1144,6551,13,2
2,E,108.9901,-15.1144,6551,14,2
2,E,111.6733,-15.1144,6551,15,2
2,E,114.3565,-15.1144,6551,16,2
2,E,117.0397,-15.1144,6551,17,2
2,E,119.7229,-15.1144,6551,18,2
2,E,122.4061,-15.1144,6551,19,2
2,E,125.0893,-15.1144,6551,20,2
2,E,127.7725,-15.1144,6551,21,2
2,E,74.1085,-16.5038,6551,1,3
2,E,76.7917,-16.5038,6551,2,3
2,E,79.4749,-16.5038,6551,3,3
2,E,82.1581,-16.5038,6551,4,3
2,E,84.8413,-16.5038,6551,5,3
2,E,87.5245,-16.5038,6551,6,3
2,E,90.2077,-16.5038,6551,7,3
2,E,92.8909,-16.5038,6551,8,3
2,E,95.5741,-16.5038,6551,9,3
2,E,98.2573,-16.5038,6551,10,3
2,E,100.9405,-16.5038,6551,11,3
2,E,103.6237,-16.5038,6551,12,3
2,E,106.3069,-16.5038,6551,13,3
2,E,108.9901,-16.5038,6551,14,3
2,E,111.6733,-16.5038,6551,15,3
2,E,114.3565,-16.5038,6551,16,3
2,E,117.0397,-16.5038,6551,17,3
2,E,119.7229,-16.5038,6551,18,3
2,E,122.4061,-16.5038,6551,19,3
2,E,125.0893,-16.5038,6551,20,3
2,E,127.7725,-16.5038,6551,21,3
2,E,74.1085,-17.8932,6551,1,4
2,E,76.7917,-17.8932,6551,2,4
2,E,79.4749,-17.8932,6551,3,4
2,E,82.1581,-17.8932,6551,4,4
2,E,84.8413,-17.8932,6551,5,4
2,E,87.5245,-17.8932,6551,6,4
2,E,90.2077,-17.8932,6551,7,4
2,E,92.8909,-17.8932,6551,8,4
2,E,95.5741,-17.8932,6551,9,4
2,E,98.2573,-17.8932,6551,10,4
2,E,100.9405,-17.8932,6551,11,4
2,E,103.6237,-17.8932,6551,12,4
2,E,106.3069,-17.8932,6551,13,4
2,E,108.9901,-17.8932,6551,14,4
2,E,111.6733,-17.8932,6551,15,4
2,E,114.3565,-17.8932,6551,16,4
2,E,117.0397,-17.8932,6551,17,4
2,E,119.7229,-17.8932,6551,18,4
2,E,122.4061,-17.8932,6551,19,4
2,E,125.0893,-17.8932,6551,20,4
2,E,127.7725,-17.8932,6551,21,4
2,E,74.1085,-19.2826,6551,1,5
2,E,76.7917,-19.2826,6551,2,5
2,E,79.4749,-19.2826,6551,3,5
2,E,82.1581,-19.2826,6551,4,5
2,E,84.8413,-19.2826,6551,5,5
2,E,87.5245,-19.2826,6551,6,5
2,E,90.2077,-19.2826,6551,7,5
2,E,92.8909,-19.2826,6551,8,5
2,E,95.5741,-19.2826,6551,9,5
2,E,98.2573,-19.2826,6551,10,5
2,E,100.9405,-19.2826,6551,11,5
2,E,103.6237,-19.2826,6551,12,5
2,E,106.3069,-19.2826,6551,13,5
2,E,108.9901,-19.2826,6551,14,5
2,E,111.6733,-19.2826,6551,15,5
2,E,114.3565,-19.2826,6551,16,5
2,E,117.0397,-19.2826,6551,17,5
2,E,119.7229,-19.2826,6551,18,5
2,E,122.4061,-19.2826,6551,19,5
2,E,125.0893,-19.2826,6551,20,5
2,E,127.7725,-19.2826,6551,21,5
2,E,74.1085,-20.672,6551,1,6
2,E,76.7917,-20.672,6551,2,6
2,E,79.4749,-20.672,6551,3,6
2,E,82.1581,-20.672,6551,4,6
2,E,84.8413,-20.672,6551,5,6
2,E,87.5245,-20.672,6551,6,6
2,E,90.2077,-20.672,6551,7,6
2,E,92.8909,-20.672,6551,8,6
2,E,95.5741,-20.672,6551,9,6
2,E,98.2573,-20.672,6551,10,6
2,E,100.9405,-20.672,6551,11,6
2,E,103.6237,-20.672,6551,12,6
2,E,106.3069,-20.672,6551,13,6
2,E,108.9901,-20.672,6551,14,6
2,E,111.6733,-20.672,6551,15,6
2,E,114.3565,-20.672,6551,16,6
2,E,117.0397,-20.672,6551,17,6
2,E,119.7229,-20.672,6551,18,6
2,E,122.4061,-20.672,6551,19,6
2,E,125.0893,-20.672,6551,20,6
2,E,127.7725,-20.672,6551,21,6
2,E,74.1085,-22.0614,6551,1,7
2,E,76.7917,-22.0614,6551,2,7
2,E,79.4749,-22.0614,6551,3,7
2,E,82.1581,-22.0614,6551,4,7
2,E,84.8413,-22.0614,6551,5,7
2,E,87.5245,-22.0614,6551,6,7
2,E,90.2077,-22.0614,6551,7,7
2,E,92.8909,-22.0614,6551,8,7
2,E,95.5741,-22.0614,6551,9,7
2,E,98.2573,-22.0614,6551,10,7
2,E,100.9405,-22.0614,6551,11,7
2,E,103.6237,-22.0614,6551,12,7
2,E,106.3069,-22.0614,6551,13,7
2,E,108.9901,-22.0614,6551,14,7
2,E,111.6733,-22.0614,6551,15,7
2,E,114.3565,-22.0614,6551,16,7
2,E,117.0397,-22.0614,6551,17,7
2,E,119.7229,-22.0614,6551,18,7
2,E,122.4061,-22.0614,6551,19,7
2,E,125.0893,-22.0614,6551,20,7
2,E,127.7725,-22.0614,6551,21,7
2,E,74.1085,-23.4508,6551,1,8
2,E,76.7917,-23.4508,6551,2,8
2,E,79.4749,-23.4508,6551,3,8
2,E,82.1581,-23.4508,6551,4,8
2,E,84.8413,-23.4508,6551,5,8
2,E,87.5245,-23.4508,6551,6,8
2,E,90.2077,-23.4508,6551,7,8
2,E,92.8909,-23.4508,6551,8,8
2,E,95.5741,-23.4508,6551,9,8
2,E,98.2573,-23.4508,6551,10,8
2,E,100.9405,-23.4508,6551,11,8
2,E,103.6237,-23.4508,6551,12,8
2,E,106.3069,-23.4508,6551,13,8
2,E,108.9901,-23.4508,6551,14,8
2,E,111.6733,-23.4508,6551,15,8
2,E,114.3565,-23.4508,6551,16,8
2,E,117.0397,-23.4508,6551,17,8
2,E,119.7229,-23.4508,6551,18,8
2,E,122.4061,-23.4508,6551,19,8
2,E,125.0893,-23.4508,6551,20,8
2,E,127.7725,-23.4508,6551,21,8
2,E,74.1085,-24.8402,6551,1,9
2,E,76.7917,-24.8402,6551,2,9
2,E,79.4749,-24.8402,6551,3,9
2,E,82.1581,-24.8402,6551,4,9
2,E,84.8413,-24.8402,6551,5,9
2,E,87.5245,-24.8402,6551,6,9
2,E,90.2077,-24.8402,6551,7,9
2,E,92.8909,-24.8402,6551,8,9
2,E,95.5741,-24.8402,6551,9,9
2,E,98.2573,-24.8402,6551,10,9
2,E,100.9405,-24.8402,6551,11,9
2,E,103.6237,-24.8402,6551,12,9
2,E,106.3069,-24.8402,6551,13,9
2,E,108.9901,-24.8402,6551,14,9
2,E,111.6733,-24.8402,6551,15,9
2,E,114.3565,-24.8402,6551,16,9
2,E,117.0397,-24.8402,6551,17,9
2,E,119.7229,-24.8402,6551,18,9
2,E,122.4061,-24.8402,6551,19,9
2,E,125.0893,-24.8402,6551,20,9
2,E,127.7725,-24.8402,6551,21,9
2,E,74.1085,-26.2296,6551,1,10
2,E,76.7917,-26.2296,6551,2,10
2,E,79.4749,-26.2296,6551,3,10
2,E,82.1581,-26.2296,6551,4,10
2,E,84.8413,-26.2296,6551,5,10
2,E,87.5245,-26.2296,6551,6,10
2,E,90.2077,-26.2296,6551,7,10
2,E,92.8909,-26.2296,6551,8,10
2,E,95.5741,-26.2296,6551,9,10
2,E,98.2573,-26.2296,6551,10,10
2,E,100.9405,-26.2296,6551,11,10
2,E,103.6237,-26.2296,6551,12,10
2,E,106.3069,-26.2296,6551,13,10
2,E,108.9901,-26.2296,6551,14,10
2,E,111.6733,-26.2296,6551,15,10
2,E,114.3565,-26.2296,6551,16,10
2,E,117.0397,-26.2296,6551,17,10
2,E,119.7229,-26.2296,6551,18,10
2,E,122.4061,-26.2296,6551,19,10
2,E,125.0893,-26.2296,6551,20,10
2,E,127.7725,-26.2296,6551,21,10
2,E,74.1085,-27.619,6551,1,11
2,E,76.7917,-27.619,6551,2,11
2,E,79.4749,-27.619,6551,3,11
2,E,82.1581,-27.619,6551,4,11
2,E,84.8413,-27.619,6551,5,11
2,E,87.5245,-27.619,6551,6,11
2,E,90.2077,-27.619,6551,7,11
2,E,92.8909,-27.619,6551,8,11
2,E,95.5741,-27.619,6551,9,11
2,E,98.2573,-27.619,6551,10,11
2,E,100.9405,-27.619,6551,11,11
2,E,103.6237,-27.619,6551,12,11
2,E,106.3069,-27.619,6551,13,11
2,E,108.9901,-27.619,6551,14,11
2,E,111.6733,-27.619,6551,15,11
2,E,114.3565,-27.619,6551,16,11
2,E,117.0397,-27.619,6551,17,11
2,E,119.7229,-27.619,6551,18,11
2,E,122.4061,-27.619,6551,19,11
2,E,125.0893,-27.619,6551,20,11
2,E,127.7725,-27.619,6551,21,11
2,E,74.1085,-29.0084,6551,1,12
2,E,76.7917,-29.0084,6551,2,12
2,E,79.4749,-29.0084,6551,3,12
2,E,82.1581,-29.0084,6551,4,12
2,E,84.8413,-29.0084,6551,5,12
2,E,87.5245,-29.0084,6551,6,12
2,E,90.2077,-29.0084,6551,7,12
2,E,92.8909,-29.0084,6551,8,12
2,E,95.5741,-29.0084,6551,9,12
2,E,98.2573,-29.0084,6551,10,12
2,E,100.9405,-29.0084,6551,11,12
2,E,103.6237,-29.0084,6551,12,12
2,E,106.3069,-29.0084,6551,13,12
2,E,108.9901,-29.0084,6551,14,12
2,E,111.6733,-29.0084,6551,15,12
2,E,114.3565,-29.0084,6551,16,12
2,E,117.0397,-29.0084,6551,17,12
2,E,119.7229,-29.0084,6551,18,12
2,E,122.4061,-29.0084,6551,19,12
2,E,125.0893,-29.0084,6551,20,12
2,E,127.7725,-29.0084,6551,21,12
2,E,74.1085,-30.3978,6551,1,13
2,E,76.7917,-30.3978,6551,2,13
2,E,79.4749,-30.3978,6551,3,13
2,E,82.1581,-30.3978,6551,4,13
2,E,84.8413,-30.3978,6551,5,13
2,E,87.5245,-30.3978,6551,6,13
2,E,90.2077,-30.3978,6551,7,13
2,E,92.8909,-30.3978,6551,8,13
2,E,95.5741,-30.3978,6551,9,13
2,E,98.2573,-30.3978,6551,10,13
2,E,100.9405,-30.3978,6551,11,13
2,E,103.6237,-30.3978,6551,12,13
2,E,106.3069,-30.3978,6551,13,13
2,E,108.9901,-30.3978,6551,14,13
2,E,111.6733,-30.3978,6551,15,13
2,E,114.3565,-30.3978,6551,16,13
2,E,117.0397,-30.3978,6551,17,13
2,E,119.7229,-30.3978,6551,18,13
2,E,122.4061,-30.3978,6551,19,13
2,E,125.0893,-30.3978,6551,20,13
2,E,127.7725,-30.3978,6551,21,13
2,E,74.1085,-31.7872,6551,1,14
2,E,76.7917,-31.7872,6551,2,14
2,E,79.4749,-31.7872,6551,3,14
2,E,82.1581,-31.7872,6551,4,14
2,E,84.8413,-31.7872,6551,5,14
2,E,87.5245,-31.7872,6551,6,14
2,E,90.2077,-31.7872,6551,7,14
2,E,92.8909,-31.7872,6551,8,14
2,E,95.5741,-31.7872,6551,9,14
2,E,98.2573,-31.7872,6551,10,14
2,E,100.9405,-31.7872,6551,11,14
2,E,103.6237,-31.7872,6551,12,14
2,E,106.3069,-31.7872,6551,13,14
2,E,108.9901,-31.7872,6551,14,14
2,E,111.6733,-31.7872,6551,15,14
2,E,114.3565,-31.7872,6551,16,14
2,E,117.0397,-31.7872,6551,17,14
2,E,119.7229,-31.7872,6551,18,14
2,E,122.4061,-31.7872,6551,19,14
2,E,125.0893,-31.7872,6551,20,14
2,E,127.7725,-31.7872,6551,21,14
2,E,74.1085,-33.1766,6551,1,15
2,E,76.7917,-33.1766,6551,2,15
2,E,79.4749,-33.1766,6551,3,15
2,E,82.1581,-33.1766,6551,4,15
2,E,84.8413,-33.1766,6551,5,15
2,E,87.5245,-33.1766,6551,6,15
2,E,90.2077,-33.1766,6551,7,15
2,E,92.8909,-33.1766,6551,8,15
2,E,95.5741,-33.1766,6551,9,15
2,E,98.2573,-33.1766,6551,10,15
2,E,100.9405,-33.1766,6551,11,15
2,E,103.6237,-33.1766,6551,12,15
2,E,106.3069,-33.1766,6551,13,15
2,E,108.9901,-33.1766,6551,14,15
2,E,111.6733,-33.1766,6551,15,15
2,E,114.3565,-33.1766,6551,16,15
2,E,117.0397,-33.1766,6551,17,15
2,E,119.7229,-33.1766,6551,18,15
2,E,122.4061,-33.1766,6551,19,15
2,E,125.0893,-33.1766,6551,20,15
2,E,127.7725,-33.1766,6551,21,15
2,E,74.1085,-34.566,6551,1,16
2,E,76.7917,-34.566,6551,2,16
2,E,79.4749,-34.566,6551,3,16
2,E,82.1581,-34.566,6551,4,16
2,E,84.8413,-34.566,6551,5,16
2,E,87.5245,-34.566,6551,6,16
2,E,90.2077,-34.566,6551,7,16
2,E,92.8909,-34.566,6551,8,16
2,E,95.5741,-34.566,6551,9,16
2,E,98.2573,-34.566,6551,10,16
2,E,100.9405,-34.566,6551,11,16
2,E,103.6237,-34.566,6551,12,16
2,E,106.3069,-34.566,6551,13,16
2,E,108.9901,-34.566,6551,14,16
2,E,111.6733,-34.566,6551,15,16
2,E,114.3565,-34.566,6551,16,16
2,E,117.0397,-34.566,6551,17,16
2,E,119.7229,-34.566,6551,18,16
2,E,122.4061,-34.566,6551,19,16
2,E,125.0893,-34.566,6551,20,16
2,E,127.7725,-34.566,6551,21,16
2,E,74.1085,-35.9554,6551,1,17
2,E,76.7917,-35.9554,6551,2,17
2,E,79.4749,-35.9554,6551,3,17
2,E,82.1581,-35.9554,6551,4,17
2,E,84.8413,-35.9554,6551,5,17
2,E,87.5245,-35.9554,6551,6,17
2,E,90.2077,-35.9554,6551,7,17
2,E,92.8909,-35.9554,6551,8,17
2,E,95.5741,-35.9554,6551,9,17
2,E,98.2573,-35.9554,6551,10,17
2,E,100.9405,-35.9554,6551,11,17
2,E,103.6237,-35.9554,6551,12,17
2,E,106.3069,-35.9554,6551,13,17
2,E,108.9901,-35.9554,6551,14,17
2,E,111.6733,-35.9554,6551,15,17
2,E,114.3565,-35.9554,6551,16,17
2,E,117.0397,-35.9554,6551,17,17
2,E,119.7229,-35.9554,6551,18,17
2,E,122.4061,-35.9554,6551,19,17
2,E,125.0893,-35.9554,6551,20,17
2,E,127.7725,-35.9554,6551,21,17
2,E,74.1085,-37.3448,6551,1,18
2,E,76.7917,-37.3448,6551,2,18
2,E,79.4749,-37.3448,6551,3,18
2,E,82.1581,-37.3448,6551,4,18
2,E,84.8413,-37.3448,6551,5,18
2,E,87.5245,-37.3448,6551,6,18
2,E,90.2077,-37.3448,6551,7,18
2,E,92.8909,-37.3448,6551,8,18
2,E,95.5741,-37.3448,6551,9,18
2,E,98.2573,-37.3448,6551,10,18
2,E,100.9405,-37.3448,6551,11,18
2,E,103.6237,-37.3448,6551,12,18
2,E,106.3069,-37.3448,6551,13,18
2,E,108.9901,-37.3448,6551,14,18
2,E,111.6733,-37.3448,6551,15,18
2,E,114.3565,-37.3448,6551,16,18
2,E,117.0397,-37.3448,6551,17,18
2,E,119.7229,-37.3448,6551,18,18
2,E,122.4061,-37.3448,6551,19,18
2,E,125.0893,-37.3448,6551,20,18
2,E,127.7725,-37.3448,6551,21,18
2,E,74.1085,-38.7342,6551,1,19
2,E,76.7917,-38.7342,6551,2,19
2,E,79.4749,-38.7342,6551,3,19
2,E,82.1581,-38.7342,6551,4,19
2,E,84.8413,-38.7342,6551,5,19
2,E,87.5245,-38.7342,6551,6,19
2,E,90.2077,-38.7342,6551,7,19
2,E,92.8909,-38.7342,6551,8,19
2,E,95.5741,-38.7342,6551,9,19
2,E,98.2573,-38.7342,6551,10,19
2,E,100.9405,-38.7342,6551,11,19
2,E,103.6237,-38.7342,6551,12,19
2,E,106.3069,-38.7342,6551,13,19
2,E,108.9901,-38.7342,6551,14,19
2,E,111.6733,-38.7342,6551,15,19
2,E,114.3565,-38.7342,6551,16,19
2,E,117.0397,-38.7342,6551,17,19
2,E,119.7229,-38.7342,6551,18,19
2,E,122.4061,-38.7342,6551,19,19
2,E,125.0893,-38.7342,6551,20,19
2,E,127.7725,-38.7342,6551,21,19
2,E,74.1085,-40.1236,6551,1,20
2,E,76.7917,-40.1236,6551,2,20
2,E,79.4749,-40.1236,6551,3,20
2,E,82.1581,-40.1236,6551,4,20
2,E,84.8413,-40.1236,6551,5,20
2,E,87.5245,-40.1236,6551,6,20
2,E,90.2077,-40.1236,6551,7,20
2,E,92.8909,-40.1236,6551,8,20
2,E,95.5741,-40.1236,6551,9,20
2,E,98.2573,-40.1236,6551,10,20
2,E,100.9405,-40.1236,6551,11,20
2,E,103.6237,-40.1236,6551,12,20
2,E,106.3069,-40.1236,6551,13,20
2,E,108.9901,-40.1236,6551,14,20
2,E,111.6733,-40.1236,6551,15,20
2,E,114.3565,-40.1236,6551,16,20
2,E,117.0397,-40.1236,6551,17,20
2,E,119.7229,-40.1236,6551,18,20
2,E,122.4061,-40.1236,6551,19,20
2,E,125.0893,-40.1236,6551,20,20
2,E,127.7725,-40.1236,6551,21,20
3,W,131.7239,-16.7991,6551,1,1
3,W,135.8696,-16.7991,6551,2,1
3,W,140.0153,-16.7991,6551,3,1
3,W,144.161,-16.7991,6551,4,1
3,W,148.3067,-16.7991,6551,5,1
3,W,152.4524,-16.7991,6551,6,1
3,W,131.7239,-18.5879,6551,1,2
3,W,135.8696,-18.5879,6551,2,2
3,W,140.0153,-18.5879,6551,3,2
3,W,144.161,-18.5879,6551,4,2
3,W,148.3067,-18.5879,6551,5,2
3,W,152.4524,-18.5879,6551,6,2
3,W,131.7239,-20.3767,6551,1,3
3,W,135.8696,-20.3767,6551,2,3
3,W,140.0153,-20.3767,6551,3,3
3,W,144.161,-20.3767,6551,4,3
3,W,148.3067,-20.3767,6551,5,3
3,W,152.4524,-20.3767,6551,6,3
3,W,131.7239,-22.1655,6551,1,4
3,W,135.8696,-22.1655,6551,2,4
3,W,140.0153,-22.1655,6551,3,4
3,W,144.161,-22.1655,6551,4,4
3,W,148.3067,-22.1655,6551,5,4
3,W,152.4524,-22.1655,6551,6,4
3,W,131.7239,-23.9543,6551,1,5
3,W,135.8696,-23.9543,6551,2,5
3,W,140.0153,-23.9543,6551,3,5
3,W,144.161,-23.9543,6551,4,5
3,W,148.3067,-23.9543,6551,5,5
3,W,152.4524,-23.9543,6551,6,5
3,W,131.7239,-25.7431,6551,1,6
3,W,135.8696,-25.7431,6551,2,6
3,W,140.0153,-25.7431,6551,3,6
3,W,144.161,-25.7431,6551,4,6
3,W,148.3067,-25.7431,6551,5,6
3,W,152.4524,-25.7431,6551,6,6
3,W,131.7239,-27.5319,6551,1,7
3,W,135.8696,-27.5319,6551,2,7
3,W,140.0153,-27.5319,6551,3,7
3,W,144.161,-27.5319,6551,4,7
3,W,148.3067,-27.5319,6551,5,7
3,W,152.4524,-27.5319,6551,6,7
3,W,131.7239,-29.3207,6551,1,8
3,W,135.8696,-29.3207,6551,2,8
3,W,140.0153,-29.3207,6551,3,8
3,W,144.161,-29.3207,6551,4,8
3,W,148.3067,-29.3207,6551,5,8
3,W,152.4524,-29.3207,6551,6,8
3,W,131.7239,-31.1095,6551,1,9
3,W,135.8696,-31.1095,6551,2,9
3,W,140.0153,-31.1095,6551,3,9
3,W,144.161,-31.1095,6551,4,9
3,W,148.3067,-31.1095,6551,5,9
3,W,152.4524,-31.1095,6551,6,9
3,W,131.7239,-32.8983,6551,1,10
3,W,135.8696,-32.8983,6551,2,10
3,W,140.0153,-32.8983,6551,3,10
3,W,144.161,-32.8983,6551,4,10
3,W,148.3067,-32.8983,6551,5,10
3,W,152.4524,-32.8983,6551,6,10
3,W,131.7239,-34.6871,6551,1,11
3,W,135.8696,-34.6871,6551,2,11
3,W,140.0153,-34.6871,6551,3,11
3,W,144.161,-34.6871,6551,4,11
3,W,148.3067,-34.6871,6551,5,11
3,W,152.4524,-34.6871,6551,6,11
3,W,131.7239,-36.4759,6551,1,12
3,W,135.8696,-36.4759,6551,2,12
3,W,140.0153,-36.4759,6551,3,12
3,W,144.161,-36.4759,6551,4,12
3,W,148.3067,-36.4759,6551,5,12
3,W,152.4524,-36.4759,6551,6,12
6,E,-168.5372,-20.2666,6551,1,1
6,E,-164.791,-20.2666,6551,2,1
6,E,-161.0448,-20.2666,6551,3,1
6,E,-157.2986,-20.2666,6551,4,1
6,E,-153.5524,-20.2666,6551,5,1
6,E,-149.8062,-20.2666,6551,6,1
6,E,-146.06,-20.2666,6551,7,1
6,E,-142.3138,-20.2666,6551,8,1
6,E,-138.5676,-20.2666,6551,9,1
6,E,-134.8214,-20.2666,6551,10,1
6,E,-131.0752,-20.2666,6551,11,1
6,E,-168.5372,-21.9541,6551,1,2
6,E,-164.791,-21.9541,6551,2,2
6,E,-161.0448,-21.9541,6551,3,2
6,E,-157.2986,-21.9541,6551,4,2
6,E,-153.5524,-21.9541,6551,5,2
6,E,-149.8062,-21.9541,6551,6,2
6,E,-146.06,-21.9541,6551,7,2
6,E,-142.3138,-21.9541,6551,8,2
6,E,-138.5676,-21.9541,6551,9,2
6,E,-134.8214,-21.9541,6551,10,2
6,E,-131.0752,-21.9541,6551,11,2
6,E,-168.5372,-23.6416,6551,1,3
6,E,-164.791,-23.6416,6551,2,3
6,E,-161.0448,-23.6416,6551,3,3
6,E,-157.2986,-23.6416,6551,4,3
6,E,-153.5524,-23.6416,6551,5,3
6,E,-149.8062,-23.6416,6551,6,3
6,E,-146.06,-23.6416,6551,7,3
6,E,-142.3138,-23.6416,6551,8,3
6,E,-138.5676,-23.6416,6551,9,3
6,E,-134.8214,-23.6416,6551,10,3
6,E,-131.0752,-23.6416,6551,11,3
6,E,-168.5372,-25.3291,6551,1,4
6,E,-164.791,-25.3291,6551,2,4
6,E,-161.0448,-25.3291,6551,3,4
6,E,-157.2986,-25.3291,6551,4,4
6,E,-153.5524,-25.3291,6551,5,4
6,E,-149.8062,-25.3291,6551,6,4
6,E,-146.06,-25.3291,6551,7,4
6,E,-142.3138,-25.3291,6551,8,4
6,E,-138.5676,-25.3291,6551,9,4
6,E,-134.8214,-25.3291,6551,10,4
6,E,-131.0752,-25.3291,6551,11,4
6,E,-168.5372,-27.0166,6551,1,5
6,E,-164.791,-27.0166,6551,2,5
6,E,-161.0448,-27.0166,6551,3,5
6,E,-157.2986,-27.0166,6551,4,5
6,E,-153.5524,-27.0166,6551,5,5
6,E,-149.8062,-27.0166,6551,6,5
6,E,-146.06,-27.0166,6551,7,5
6,E,-142.3138,-27.0166,6551,8,5
6,E,-138.5676,-27.0166,6551,9,5
6,E,-134.8214,-27.0166,6551,10,5
6,E,-131.0752,-27.0166,6551,11,5
6,E,-168.5372,-28.7041,6551,1,6
6,E,-164.791,-28.7041,6551,2,6
6,E,-161.0448,-28.7041,6551,3,6
6,E,-157.2986,-28.7041,6551,4,6
6,E,-153.5524,-28.7041,6551,5,6
6,E,-149.8062,-28.7041,6551,6,6
6,E,-146.06,-28.7041,6551,7,6
6,E,-142.3138,-28.7041,6551,8,6
6,E,-138.5676,-28.7041,6551,9,6
6,E,-134.8214,-28.7041,6551,10,6
6,E,-131.0752,-28.7041,6551,11,6
6,E,-168.5372,-30.3916,6551,1,7
6,E,-164.791,-30.3916,6551,2,7
6,E,-161.0448,-30.3916,6551,3,7
6,E,-157.2986,-30.3916,6551,4,7
6,E,-153.5524,-30.3916,6551,5,7
6,E,-149.8062,-30.3916,6551,6,7
6,E,-146.06,-30.3916,6551,7,7
6,E,-142.3138,-30.3916,6551,8,7
6,E,-138.5676,-30.3916,6551,9,7
6,E,-134.8214,-30.3916,6551,10,7
6,E,-131.0752,-30.3916,6551,11,7
6,E,-168.5372,-32.0791,6551,1,8
6,E,-164.791,-32.0791,6551,2,8
6,E,-161.0448,-32.0791,6551,3,8
6,E,-157.2986,-32.0791,6551,4,8
6,E,-153.5524,-32.0791,6551,5,8
6,E,-149.8062,-32.0791,6551,6,8
6,E,-146.06,-32.0791,6551,7,8
6,E,-142.3138,-32.0791,6551,8,8
6,E,-138.5676,-32.0791,6551,9,8
6,E,-134.8214,-32.0791,6551,10,8
6,E,-131.0752,-32.0791,6551,11,8
6,E,-168.5372,-33.7666,6551,1,9
6,E,-164.791,-33.7666,6551,2,9
6,E,-161.0448,-33.7666,6551,3,9
6,E,-157.2986,-33.7666,6551,4,9
6,E,-153.5524,-33.7666,6551,5,9
6,E,-149.8062,-33.7666,6551,6,9
6,E,-146.06,-33.7666,6551,7,9
6,E,-142.3138,-33.7666,6551,8,9
6,E,-138.5676,-33.7666,6551,9,9
6,E,-134.8214,-33.7666,6551,10,9
6,E,-131.0752,-33.7666,6551,11,9
6,E,-168.5372,-35.4541,6551,1,10
6,E,-164.791,-35.4541,6551,2,10
6,E,-161.0448,-35.4541,6551,3,10
6,E,-157.2986,-35.4541,6551,4,10
6,E,-153.5524,-35.4541,6551,5,10
6,E,-149.8062,-35.4541,6551,6,10
6,E,-146.06,-35.4541,6551,7,10
6,E,-142.3138,-35.4541,6551,8,10
6,E,-138.5676,-35.4541,6551,9,10
6,E,-134.8214,-35.4541,6551,10,10
6,E,-131.0752,-35.4541,6551,11,10
6,E,-168.5372,-37.1416,6551,1,11
6,E,-164.791,-37.1416,6551,2,11
6,E,-161.0448,-37.1416,6551,3,11
6,E,-157.2986,-37.1416,6551,4,11
6,E,-153.5524,-37.1416,6551,5,11
6,E,-149.8062,-37.1416,6551,6,11
6,E,-146.06,-37.1416,6551,7,11
6,E,-142.3138,-37.1416,6551,8,11
6,E,-138.5676,-37.1416,6551,9,11
6,E,-134.8214,-37.1416,6551,10,11
6,E,-131.0752,-37.1416,6551,11,11
6,E,-168.5372,-38.8291,6551,1,12
6,E,-164.791,-38.8291,6551,2,12
6,E,-161.0448,-38.8291,6551,3,12
6,E,-157.2986,-38.8291,6551,4,12
6,E,-153.5524,-38.8291,6551,5,12
6,E,-149.8062,-38.8291,6551,6,12
6,E,-146.06,-38.8291,6551,7,12
6,E,-142.3138,-38.8291,6551,8,12
6,E,-138.5676,-38.8291,6551,9,12
6,E,-134.8214,-38.8291,6551,10,12
6,E,-131.0752,-38.8291,6551,11,12
6,W,-93.5622,-20.9416,6551,1,1
6,W,-90.1872,-20.9416,6551,2,1
6,W,-86.8122,-20.9416,6551,3,1
6,W,-83.4372,-20.9416,6551,4,1
6,W,-80.0622,-20.9416,6551,5,1
6,W,-76.6872,-20.9416,6551,6,1
6,W,-73.3122,-20.9416,6551,7,1
6,W,-69.9372,-20.9416,6551,8,1
6,W,-66.5622,-20.9416,6551,9,1
6,W,-63.1872,-20.9416,6551,10,1
6,W,-59.8122,-20.9416,6551,11,1
6,W,-93.5622,-22.7191,6551,1,2
6,W,-90.1872,-22.7191,6551,2,2
6,W,-86.8122,-22.7191,6551,3,2
6,W,-83.4372,-22.7191,6551,4,2
6,W,-80.0622,-22.7191,6551,5,2
6,W,-76.6872,-22.7191,6551,6,2
6,W,-73.3122,-22.7191,6551,7,2
6,W,-69.9372,-22.7191,6551,8,2
6,W,-66.5622,-22.7191,6551,9,2
6,W,-63.1872,-22.7191,6551,10,2
6,W,-59.8122,-22.7191,6551,11,2
6,W,-93.5622,-24.4966,6551,1,3
6,W,-90.1872,-24.4966,6551,2,3
6,W,-86.8122,-24.4966,6551,3,3
6,W,-83.4372,-24.4966,6551,4,3
6,W,-80.0622,-24.4966,6551,5,3
6,W,-76.6872,-24.4966,6551,6,3
6,W,-73.3122,-24.4966,6551,7,3
6,W,-69.9372,-24.4966,6551,8,3
6,W,-66.5622,-24.4966,6551,9,3
6,W,-63.1872,-24.4966,6551,10,3
6,W,-59.8122,-24.4966,6551,11,3
6,W,-93.5622,-26.2741,6551,1,4
6,W,-90.1872,-26.2741,6551,2,4
6,W,-86.8122,-26.2741,6551,3,4
6,W,-83.4372,-26.2741,6551,4,4
6,W,-80.0622,-26.2741,6551,5,4
6,W,-76.6872,-26.2741,6551,6,4
6,W,-73.3122,-26.2741,6551,7,4
6,W,-69.9372,-26.2741,6551,8,4
6,W,-66.5622,-26.2741,6551,9,4
6,W,-63.1872,-26.2741,6551,10,4
6,W,-59.8122,-26.2741,6551,11,4
6,W,-93.5622,-28.0516,6551,1,5
6,W,-90.1872,-28.0516,6551,2,5
6,W,-86.8122,-28.0516,6551,3,5
6,W,-83.4372,-28.0516,6551,4,5
6,W,-80.0622,-28.0516,6551,5,5
6,W,-76.6872,-28.0516,6551,6,5
6,W,-73.3122,-28.0516,6551,7,5
6,W,-69.9372,-28.0516,6551,8,5
6,W,-66.5622,-28.0516,6551,9,5
6,W,-63.1872,-28.0516,6551,10,5
6,W,-59.8122,-28.0516,6551,11,5
6,W,-93.5622,-29.8291,6551,1,6
6,W,-90.1872,-29.8291,6551,2,6
6,W,-86.8122,-29.8291,6551,3,6
6,W,-83.4372,-29.8291,6551,4,6
6,W,-80.0622,-29.8291,6551,5,6
6,W,-76.6872,-29.8291,6551,6,6
6,W,-73.3122,-29.8291,6551,7,6
6,W,-69.9372,-29.8291,6551,8,6
6,W,-66.5622,-29.8291,6551,9,6
6,W,-63.1872,-29.8291,6551,10,6
6,W,-59.8122,-29.8291,6551,11,6
6,W,-93.5622,-31.6066,6551,1,7
6,W,-90.1872,-31.6066,6551,2,7
6,W,-86.8122,-31.6066,6551,3,7
6,W,-83.4372,-31.6066,6551,4,7
6,W,-80.0622,-31.6066,6551,5,7
6,W,-76.6872,-31.6066,6551,6,7
6,W,-73.3122,-31.6066,6551,7,7
6,W,-69.9372,-31.6066,6551,8,7
6,W,-66.5622,-31.6066,6551,9,7
6,W,-63.1872,-31.6066,6551,10,7
6,W,-59.8122,-31.6066,6551,11,7
6,W,-93.5622,-33.3841,6551,1,8
6,W,-90.1872,-33.3841,6551,2,8
6,W,-86.8122,-33.3841,6551,3,8
6,W,-83.4372,-33.3841,6551,4,8
6,W,-80.0622,-33.3841,6551,5,8
6,W,-76.6872,-33.3841,6551,6,8
6,W,-73.3122,-33.3841,6551,7,8
6,W,-69.9372,-33.3841,6551,8,8
6,W,-66.5622,-33.3841,6551,9,8
6,W,-63.1872,-33.3841,6551,10,8
6,W,-59.8122,-33.3841,6551,11,8
6,W,-93.5622,-35.1616,6551,1,9
6,W,-90.1872,-35.1616,6551,2,9
6,W,-86.8122,-35.1616,6551,3,9
6,W,-83.4372,-35.1616,6551,4,9
6,W,-80.0622,-35.1616,6551,5,9
6,W,-76.6872,-35.1616,6551,6,9
6,W,-73.3122,-35.1616,6551,7,9
6,W,-69.9372,-35.1616,6551,8,9
6,W,-66.5622,-35.1616,6551,9,9
6,W,-63.1872,-35.1616,6551,10,9
6,W,-59.8122,-35.1616,6551,11,9
6,W,-93.5622,-36.9391,6551,1,10
6,W,-90.1872,-36.9391,6551,2,10
6,W,-86.8122,-36.9391,6551,3,10
6,W,-83.4372,-36.9391,6551,4,10
6,W,-80.0622,-36.9391,6551,5,10
6,W,-76.6872,-36.9391,6551,6,10
6,W,-73.3122,-36.9391,6551,7,10
6,W,-69.9372,-36.9391,6551,8,10
6,W,-66.5622,-36.9391,6551,9,10
6,W,-63.1872,-36.9391,6551,10,10
6,W,-59.8122,-36.9391,6551,11,10
6,W,-93.5622,-38.7166,6551,1,11
6,W,-90.1872,-38.7166,6551,2,11
6,W,-86.8122,-38.7166,6551,3,11
6,W,-83.4372,-38.7166,6551,4,11
6,W,-80.0622,-38.7166,6551,5,11
6,W,-76.6872,-38.7166,6551,6,11
6,W,-73.3122,-38.7166,6551,7,11
6,W,-69.9372,-38.7166,6551,8,11
6,W,-66.5622,-38.7166,6551,9,11
6,W,-63.1872,-38.7166,6551,10,11
6,W,-59.8122,-38.7166,6551,11,11
6,W,-93.5622,-40.4941,6551,1,12
6,W,-90.1872,-40.4941,6551,2,12
6,W,-86.8122,-40.4941,6551,3,12
6,W,-83.4372,-40.4941,6551,4,12
6,W,-80.0622,-40.4941,6551,5,12
6,W,-76.6872,-40.4941,6551,6,12
6,W,-73.3122,-40.4941,6551,7,12
6,W,-69.9372,-40.4941,6551,8,12
6,W,-66.5622,-40.4941,6551,9,12
6,W,-63.1872,-40.4941,6551,10,12
6,W,-59.8122,-40.4941,6551,11,12
6,W,-93.5622,-42.2716,6551,1,13
6,W,-90.1872,-42.2716,6551,2,13
6,W,-86.8122,-42.2716,6551,3,13
6,W,-83.4372,-42.2716,6551,4,13
6,W,-80.0622,-42.2716,6551,5,13
6,W,-76.6872,-42.2716,6551,6,13
6,W,-73.3122,-42.2716,6551,7,13
6,W,-69.9372,-42.2716,6551,8,13
6,W,-66.5622,-42.2716,6551,9,13
6,W,-63.1872,-42.2716,6551,10,13
6,W,-59.8122,-42.2716,6551,11,13